plugin,skill,source_repo,source_license,source_path,source_commit,upstream_status
engineering,spec-driven-development,addyosmani/agent-skills,MIT,agent-skills/skills/spec-driven-development,0e497aa1f1cca86d139727f14bfc77cb6b0f10e0,older-than-head
engineering,planning-and-task-breakdown,addyosmani/agent-skills,MIT,agent-skills/skills/planning-and-task-breakdown,fea75b16472ba87e8c11f13a9e000c3ffdb2d1f5,older-than-head
engineering,incremental-implementation,addyosmani/agent-skills,MIT,agent-skills/skills/incremental-implementation,b76534301587b9e75ad9cf5fdc1cd6cbe6318da3,older-than-head
engineering,test-driven-development,addyosmani/agent-skills,MIT,agent-skills/skills/test-driven-development,b76534301587b9e75ad9cf5fdc1cd6cbe6318da3,modified-locally
engineering,debugging-and-error-recovery,addyosmani/agent-skills,MIT,agent-skills/skills/debugging-and-error-recovery,fea75b16472ba87e8c11f13a9e000c3ffdb2d1f5,older-than-head
engineering,code-review-and-quality,addyosmani/agent-skills,MIT,agent-skills/skills/code-review-and-quality,fea75b16472ba87e8c11f13a9e000c3ffdb2d1f5,older-than-head
engineering,code-simplification,addyosmani/agent-skills,MIT,agent-skills/skills/code-simplification,bcab6a1b8503100e8618c3b4e32cc78de43de769,identical-to-head
engineering,security-and-hardening,addyosmani/agent-skills,MIT,agent-skills/skills/security-and-hardening,d1983929db658cf86905c75bbf1306d2fa39dbb1,modified-locally
engineering,performance-optimization,addyosmani/agent-skills,MIT,agent-skills/skills/performance-optimization,22df069c405b7610f79f550a70b9d3d98988c81f,modified-locally
engineering,api-and-interface-design,addyosmani/agent-skills,MIT,agent-skills/skills/api-and-interface-design,fea75b16472ba87e8c11f13a9e000c3ffdb2d1f5,older-than-head
engineering,git-workflow-and-versioning,addyosmani/agent-skills,MIT,agent-skills/skills/git-workflow-and-versioning,fea75b16472ba87e8c11f13a9e000c3ffdb2d1f5,older-than-head
engineering,ci-cd-and-automation,addyosmani/agent-skills,MIT,agent-skills/skills/ci-cd-and-automation,bcab6a1b8503100e8618c3b4e32cc78de43de769,identical-to-head
engineering,doubt-driven-development,addyosmani/agent-skills,MIT,agent-skills/skills/doubt-driven-development,97e12d03e787fb5e68d313c693f080173027ffe3,modified-locally
engineering,documentation-and-adrs,addyosmani/agent-skills,MIT,agent-skills/skills/documentation-and-adrs,fea75b16472ba87e8c11f13a9e000c3ffdb2d1f5,older-than-head
engineering,browser-testing-with-devtools,addyosmani/agent-skills,MIT,agent-skills/skills/browser-testing-with-devtools,fd6554afb69319627bf746442ca2bd249c5dbafb,older-than-head
engineering,karpathy-guidelines,multica-ai/andrej-karpathy-skills,MIT,andrej-karpathy-skills/skills/karpathy-guidelines,2c606141936f1eeef17fa3043a72095b4765b9c2,identical-to-head
product,strategy-red-team,phuryn/pm-skills,MIT,pm-skills/pm-execution/skills/strategy-red-team,8607e3b077817f89bf4a9b623246219734ac3be0,identical-to-head
product,opportunity-solution-tree,phuryn/pm-skills,MIT,pm-skills/pm-product-discovery/skills/opportunity-solution-tree,8607e3b077817f89bf4a9b623246219734ac3be0,identical-to-head
product,prioritization-frameworks,phuryn/pm-skills,MIT,pm-skills/pm-execution/skills/prioritization-frameworks,8607e3b077817f89bf4a9b623246219734ac3be0,identical-to-head
product,ab-test-analysis,phuryn/pm-skills,MIT,pm-skills/pm-data-analytics/skills/ab-test-analysis,8607e3b077817f89bf4a9b623246219734ac3be0,identical-to-head
product,pricing-strategy,phuryn/pm-skills,MIT,pm-skills/pm-product-strategy/skills/pricing-strategy,8607e3b077817f89bf4a9b623246219734ac3be0,identical-to-head
product,create-prd,phuryn/pm-skills,MIT,pm-skills/pm-execution/skills/create-prd,8607e3b077817f89bf4a9b623246219734ac3be0,identical-to-head
product,pre-mortem,phuryn/pm-skills,MIT,pm-skills/pm-execution/skills/pre-mortem,8607e3b077817f89bf4a9b623246219734ac3be0,identical-to-head
product,interview-script,phuryn/pm-skills,MIT,pm-skills/pm-product-discovery/skills/interview-script,8607e3b077817f89bf4a9b623246219734ac3be0,identical-to-head
product,north-star-metric,phuryn/pm-skills,MIT,pm-skills/pm-marketing-growth/skills/north-star-metric,8607e3b077817f89bf4a9b623246219734ac3be0,identical-to-head
product,value-proposition,phuryn/pm-skills,MIT,pm-skills/pm-product-strategy/skills/value-proposition,8607e3b077817f89bf4a9b623246219734ac3be0,identical-to-head
product,competitor-analysis,phuryn/pm-skills,MIT,pm-skills/pm-market-research/skills/competitor-analysis,8607e3b077817f89bf4a9b623246219734ac3be0,identical-to-head
product,intended-vs-implemented,phuryn/pm-skills,MIT,pm-skills/pm-ai-shipping/skills/intended-vs-implemented,8202bdd7f172f55636102768083461e43b6ec359,older-than-head
product,user-personas,phuryn/pm-skills,MIT,pm-skills/pm-market-research/skills/user-personas,8607e3b077817f89bf4a9b623246219734ac3be0,identical-to-head
design,design-taste-frontend,Leonxlnx/taste-skill,MIT,taste-skill/skills/taste-skill,c184364c58658b2f131b4ae8bd3d206cabb3deee,identical-to-head
design,industrial-brutalist-ui,Leonxlnx/taste-skill,MIT,taste-skill/skills/brutalist-skill,c184364c58658b2f131b4ae8bd3d206cabb3deee,identical-to-head
design,redesign-existing-projects,Leonxlnx/taste-skill,MIT,taste-skill/skills/redesign-skill,c184364c58658b2f131b4ae8bd3d206cabb3deee,identical-to-head
design,image-to-code,Leonxlnx/taste-skill,MIT,taste-skill/skills/image-to-code-skill,c184364c58658b2f131b4ae8bd3d206cabb3deee,identical-to-head
design,imagegen-frontend-web,Leonxlnx/taste-skill,MIT,taste-skill/skills/imagegen-frontend-web,c184364c58658b2f131b4ae8bd3d206cabb3deee,identical-to-head
design,frontend-ui-engineering,addyosmani/agent-skills,MIT,agent-skills/skills/frontend-ui-engineering,cea2f381cd4b964402e2c43353cb00c5c27ef6dd,modified-locally
research,deep-research,Imbad0202/academic-research-skills,CC-BY-NC-4.0,academic-research-skills/deep-research,8a7482e9f379c23376d907108cb6d32456f259be,modified-locally
research,academic-paper,Imbad0202/academic-research-skills,CC-BY-NC-4.0,academic-research-skills/academic-paper,ddeea7df73f7eb7cefb3b09e228db09c70972ad8,modified-locally
research,academic-paper-reviewer,Imbad0202/academic-research-skills,CC-BY-NC-4.0,academic-research-skills/academic-paper-reviewer,b84e48aa4cd4920c90c14aa1cb0917e7e5b2fcd3,modified-locally
research,academic-pipeline,Imbad0202/academic-research-skills,CC-BY-NC-4.0,academic-research-skills/academic-pipeline,14ef8a42f70069ca8237ba0bd3f92249e38bbbdf,modified-locally
